name	holdout_sharpe	holdout_ann	holdout_dd	composite	alpha_inf	beats_raw
regime mom_resid_vol sm16 w0.25 cg1.00 cb0.85 mn0.25 neu0.55 boostmid+low	0.2734	0.0157	-0.0976	0.3622	1.0000	False
regime mom_resid_vol sm16 w0.25 cg1.00 cb0.85 mn0.25 neu0.55 boostmid	0.3069	0.0176	-0.0939	0.3949	1.0000	False
regime mom_resid_vol sm16 w0.25 cg1.00 cb0.85 mn0.25 neu0.70 boostmid+low	0.2734	0.0157	-0.0976	0.3622	1.0000	False
regime mom_resid_vol sm16 w0.25 cg1.00 cb0.85 mn0.25 neu0.70 boostmid	0.3069	0.0176	-0.0939	0.3949	1.0000	False
regime mom_resid_vol sm16 w0.25 cg1.00 cb0.85 mn0.35 neu0.55 boostmid+low	0.4920	0.0309	-0.0934	0.5930	1.0000	False
regime mom_resid_vol sm16 w0.25 cg1.00 cb0.85 mn0.35 neu0.55 boostmid	0.5263	0.0327	-0.0900	0.6266	1.0000	False
regime mom_resid_vol sm16 w0.25 cg1.00 cb0.85 mn0.35 neu0.70 boostmid+low	0.5004	0.0315	-0.0931	0.6018	1.0000	False
regime mom_resid_vol sm16 w0.25 cg1.00 cb0.85 mn0.35 neu0.70 boostmid	0.5348	0.0333	-0.0898	0.6355	1.0000	False
regime mom_resid_vol sm16 w0.25 cg1.05 cb0.80 mn0.25 neu0.55 boostmid+low	0.3808	0.0223	-0.0884	0.4694	1.0000	False
regime mom_resid_vol sm16 w0.25 cg1.05 cb0.80 mn0.25 neu0.55 boostmid	0.4135	0.0240	-0.0852	0.5014	1.0000	False
regime mom_resid_vol sm16 w0.25 cg1.05 cb0.80 mn0.25 neu0.70 boostmid+low	0.3808	0.0223	-0.0884	0.4694	1.0000	False
regime mom_resid_vol sm16 w0.25 cg1.05 cb0.80 mn0.25 neu0.70 boostmid	0.4135	0.0240	-0.0852	0.5014	1.0000	False
regime mom_resid_vol sm16 w0.25 cg1.05 cb0.80 mn0.35 neu0.55 boostmid+low	0.5960	0.0374	-0.0876	0.6990	1.0000	False
regime mom_resid_vol sm16 w0.25 cg1.05 cb0.80 mn0.35 neu0.55 boostmid	0.6285	0.0390	-0.0855	0.7317	1.0000	False
regime mom_resid_vol sm16 w0.25 cg1.05 cb0.80 mn0.35 neu0.70 boostmid+low	0.6000	0.0377	-0.0872	0.7031	1.0000	False
regime mom_resid_vol sm16 w0.25 cg1.05 cb0.80 mn0.35 neu0.70 boostmid	0.6335	0.0394	-0.0852	0.7368	1.0000	False
regime mom_resid_vol sm16 w0.25 cg0.95 cb0.75 mn0.25 neu0.55 boostmid+low	0.5507	0.0356	-0.0919	0.6552	1.0000	False
regime mom_resid_vol sm16 w0.25 cg0.95 cb0.75 mn0.25 neu0.55 boostmid	0.5776	0.0369	-0.0895	0.6816	1.0000	False
regime mom_resid_vol sm16 w0.25 cg0.95 cb0.75 mn0.25 neu0.70 boostmid+low	0.5507	0.0356	-0.0919	0.6552	1.0000	False
regime mom_resid_vol sm16 w0.25 cg0.95 cb0.75 mn0.25 neu0.70 boostmid	0.5776	0.0369	-0.0895	0.6816	1.0000	False
regime mom_resid_vol sm16 w0.25 cg0.95 cb0.75 mn0.35 neu0.55 boostmid+low	0.7194	0.0486	-0.0915	0.8367	1.0000	False
regime mom_resid_vol sm16 w0.25 cg0.95 cb0.75 mn0.35 neu0.55 boostmid	0.7474	0.0499	-0.0893	0.8643	1.0000	False
regime mom_resid_vol sm16 w0.25 cg0.95 cb0.75 mn0.35 neu0.70 boostmid+low	0.7277	0.0493	-0.0913	0.8454	1.0000	False
regime mom_resid_vol sm16 w0.25 cg0.95 cb0.75 mn0.35 neu0.70 boostmid	0.7558	0.0506	-0.0891	0.8731	1.0000	False
regime mom_resid_vol sm16 w0.40 cg1.00 cb0.85 mn0.25 neu0.55 boostmid+low	0.0473	0.0010	-0.1015	0.1244	1.0000	False
regime mom_resid_vol sm16 w0.40 cg1.00 cb0.85 mn0.25 neu0.55 boostmid	0.0691	0.0024	-0.0987	0.1454	1.0000	False
regime mom_resid_vol sm16 w0.40 cg1.00 cb0.85 mn0.25 neu0.70 boostmid+low	0.0473	0.0010	-0.1015	0.1244	1.0000	False
regime mom_resid_vol sm16 w0.40 cg1.00 cb0.85 mn0.25 neu0.70 boostmid	0.0691	0.0024	-0.0987	0.1454	1.0000	False
regime mom_resid_vol sm16 w0.40 cg1.00 cb0.85 mn0.35 neu0.55 boostmid+low	0.2621	0.0150	-0.0976	0.3502	1.0000	False
regime mom_resid_vol sm16 w0.40 cg1.00 cb0.85 mn0.35 neu0.55 boostmid	0.2847	0.0163	-0.0952	0.3723	1.0000	False
regime mom_resid_vol sm16 w0.40 cg1.00 cb0.85 mn0.35 neu0.70 boostmid+low	0.2709	0.0156	-0.0973	0.3594	1.0000	False
regime mom_resid_vol sm16 w0.40 cg1.00 cb0.85 mn0.35 neu0.70 boostmid	0.2935	0.0168	-0.0949	0.3816	1.0000	False
regime mom_resid_vol sm16 w0.40 cg1.05 cb0.80 mn0.25 neu0.55 boostmid+low	0.1967	0.0103	-0.0926	0.2764	1.0000	False
regime mom_resid_vol sm16 w0.40 cg1.05 cb0.80 mn0.25 neu0.55 boostmid	0.2256	0.0119	-0.0900	0.3050	1.0000	False
regime mom_resid_vol sm16 w0.40 cg1.05 cb0.80 mn0.25 neu0.70 boostmid+low	0.1967	0.0103	-0.0926	0.2764	1.0000	False
regime mom_resid_vol sm16 w0.40 cg1.05 cb0.80 mn0.25 neu0.70 boostmid	0.2256	0.0119	-0.0900	0.3050	1.0000	False
regime mom_resid_vol sm16 w0.40 cg1.05 cb0.80 mn0.35 neu0.55 boostmid+low	0.4060	0.0241	-0.0902	0.4978	1.0000	False
regime mom_resid_vol sm16 w0.40 cg1.05 cb0.80 mn0.35 neu0.55 boostmid	0.4351	0.0257	-0.0884	0.5271	1.0000	False
regime mom_resid_vol sm16 w0.40 cg1.05 cb0.80 mn0.35 neu0.70 boostmid+low	0.4101	0.0244	-0.0898	0.5019	1.0000	False
regime mom_resid_vol sm16 w0.40 cg1.05 cb0.80 mn0.35 neu0.70 boostmid	0.4402	0.0261	-0.0880	0.5323	1.0000	False
regime mom_resid_vol sm16 w0.40 cg0.95 cb0.75 mn0.25 neu0.55 boostmid+low	0.3285	0.0197	-0.0946	0.4191	1.0000	False
regime mom_resid_vol sm16 w0.40 cg0.95 cb0.75 mn0.25 neu0.55 boostmid	0.3461	0.0206	-0.0925	0.4360	1.0000	False
regime mom_resid_vol sm16 w0.40 cg0.95 cb0.75 mn0.25 neu0.70 boostmid+low	0.3285	0.0197	-0.0946	0.4191	1.0000	False
regime mom_resid_vol sm16 w0.40 cg0.95 cb0.75 mn0.25 neu0.70 boostmid	0.3461	0.0206	-0.0925	0.4360	1.0000	False
regime mom_resid_vol sm16 w0.40 cg0.95 cb0.75 mn0.35 neu0.55 boostmid+low	0.4948	0.0317	-0.0943	0.5972	1.0000	False
regime mom_resid_vol sm16 w0.40 cg0.95 cb0.75 mn0.35 neu0.55 boostmid	0.5134	0.0325	-0.0925	0.6153	1.0000	False
regime mom_resid_vol sm16 w0.40 cg0.95 cb0.75 mn0.35 neu0.70 boostmid+low	0.5034	0.0323	-0.0940	0.6063	1.0000	False
regime mom_resid_vol sm16 w0.40 cg0.95 cb0.75 mn0.35 neu0.70 boostmid	0.5221	0.0332	-0.0923	0.6244	1.0000	False
regime mom_resid_vol sm16 w0.55 cg1.00 cb0.85 mn0.25 neu0.55 boostmid+low	-0.2486	-0.0161	-0.1003	-0.1895	1.0000	False
regime mom_resid_vol sm16 w0.55 cg1.00 cb0.85 mn0.25 neu0.55 boostmid	-0.2088	-0.0137	-0.0965	-0.1502	1.0000	False
regime mom_resid_vol sm16 w0.55 cg1.00 cb0.85 mn0.25 neu0.70 boostmid+low	-0.2486	-0.0161	-0.1003	-0.1895	1.0000	False
regime mom_resid_vol sm16 w0.55 cg1.00 cb0.85 mn0.25 neu0.70 boostmid	-0.2088	-0.0137	-0.0965	-0.1502	1.0000	False
regime mom_resid_vol sm16 w0.55 cg1.00 cb0.85 mn0.35 neu0.55 boostmid+low	-0.0342	-0.0039	-0.0953	0.0334	1.0000	False
regime mom_resid_vol sm16 w0.55 cg1.00 cb0.85 mn0.35 neu0.55 boostmid	0.0058	-0.0015	-0.0921	0.0735	1.0000	False
regime mom_resid_vol sm16 w0.55 cg1.00 cb0.85 mn0.35 neu0.70 boostmid+low	-0.0246	-0.0033	-0.0949	0.0433	1.0000	False
regime mom_resid_vol sm16 w0.55 cg1.00 cb0.85 mn0.35 neu0.70 boostmid	0.0154	-0.0009	-0.0919	0.0834	1.0000	False
regime mom_resid_vol sm16 w0.55 cg1.05 cb0.80 mn0.25 neu0.55 boostmid+low	-0.0129	-0.0024	-0.0867	0.0498	1.0000	False
regime mom_resid_vol sm16 w0.55 cg1.05 cb0.80 mn0.25 neu0.55 boostmid	0.0017	-0.0015	-0.0859	0.0646	1.0000	False
regime mom_resid_vol sm16 w0.55 cg1.05 cb0.80 mn0.25 neu0.70 boostmid+low	-0.0129	-0.0024	-0.0867	0.0498	1.0000	False
regime mom_resid_vol sm16 w0.55 cg1.05 cb0.80 mn0.25 neu0.70 boostmid	0.0017	-0.0015	-0.0859	0.0646	1.0000	False
regime mom_resid_vol sm16 w0.55 cg1.05 cb0.80 mn0.35 neu0.55 boostmid+low	0.1946	0.0099	-0.0856	0.2687	1.0000	False
regime mom_resid_vol sm16 w0.55 cg1.05 cb0.80 mn0.35 neu0.55 boostmid	0.2093	0.0107	-0.0853	0.2840	1.0000	False
regime mom_resid_vol sm16 w0.55 cg1.05 cb0.80 mn0.35 neu0.70 boostmid+low	0.1989	0.0102	-0.0852	0.2730	1.0000	False
regime mom_resid_vol sm16 w0.55 cg1.05 cb0.80 mn0.35 neu0.70 boostmid	0.2147	0.0111	-0.0849	0.2895	1.0000	False
regime mom_resid_vol sm16 w0.55 cg0.95 cb0.75 mn0.25 neu0.55 boostmid+low	0.0717	0.0025	-0.0943	0.1450	1.0000	False
regime mom_resid_vol sm16 w0.55 cg0.95 cb0.75 mn0.25 neu0.55 boostmid	0.1018	0.0044	-0.0913	0.1746	1.0000	False
regime mom_resid_vol sm16 w0.55 cg0.95 cb0.75 mn0.25 neu0.70 boostmid+low	0.0717	0.0025	-0.0943	0.1450	1.0000	False
regime mom_resid_vol sm16 w0.55 cg0.95 cb0.75 mn0.25 neu0.70 boostmid	0.1018	0.0044	-0.0913	0.1746	1.0000	False
regime mom_resid_vol sm16 w0.55 cg0.95 cb0.75 mn0.35 neu0.55 boostmid+low	0.2404	0.0133	-0.0916	0.3224	1.0000	False
regime mom_resid_vol sm16 w0.55 cg0.95 cb0.75 mn0.35 neu0.55 boostmid	0.2711	0.0152	-0.0893	0.3533	1.0000	False
regime mom_resid_vol sm16 w0.55 cg0.95 cb0.75 mn0.35 neu0.70 boostmid+low	0.2496	0.0140	-0.0912	0.3320	1.0000	False
regime mom_resid_vol sm16 w0.55 cg0.95 cb0.75 mn0.35 neu0.70 boostmid	0.2804	0.0158	-0.0889	0.3629	1.0000	False
regime mom_resid_vol sm18 w0.25 cg1.00 cb0.85 mn0.25 neu0.55 boostmid+low	0.2801	0.0163	-0.0999	0.3714	1.0000	False
regime mom_resid_vol sm18 w0.25 cg1.00 cb0.85 mn0.25 neu0.55 boostmid	0.3094	0.0179	-0.0959	0.3992	1.0000	False
regime mom_resid_vol sm18 w0.25 cg1.00 cb0.85 mn0.25 neu0.70 boostmid+low	0.2801	0.0163	-0.0999	0.3714	1.0000	False
regime mom_resid_vol sm18 w0.25 cg1.00 cb0.85 mn0.25 neu0.70 boostmid	0.3094	0.0179	-0.0959	0.3992	1.0000	False
regime mom_resid_vol sm18 w0.25 cg1.00 cb0.85 mn0.35 neu0.55 boostmid+low	0.4971	0.0316	-0.0959	0.6007	1.0000	False
regime mom_resid_vol sm18 w0.25 cg1.00 cb0.85 mn0.35 neu0.55 boostmid	0.5273	0.0332	-0.0922	0.6296	1.0000	False
regime mom_resid_vol sm18 w0.25 cg1.00 cb0.85 mn0.35 neu0.70 boostmid+low	0.5055	0.0322	-0.0957	0.6095	1.0000	False
regime mom_resid_vol sm18 w0.25 cg1.00 cb0.85 mn0.35 neu0.70 boostmid	0.5358	0.0338	-0.0920	0.6386	1.0000	False
regime mom_resid_vol sm18 w0.25 cg1.05 cb0.80 mn0.25 neu0.55 boostmid+low	0.3931	0.0233	-0.0903	0.4840	1.0000	False
regime mom_resid_vol sm18 w0.25 cg1.05 cb0.80 mn0.25 neu0.55 boostmid	0.4189	0.0245	-0.0867	0.5085	1.0000	False
regime mom_resid_vol sm18 w0.25 cg1.05 cb0.80 mn0.25 neu0.70 boostmid+low	0.3931	0.0233	-0.0903	0.4840	1.0000	False
regime mom_resid_vol sm18 w0.25 cg1.05 cb0.80 mn0.25 neu0.70 boostmid	0.4189	0.0245	-0.0867	0.5085	1.0000	False
regime mom_resid_vol sm18 w0.25 cg1.05 cb0.80 mn0.35 neu0.55 boostmid+low	0.6061	0.0385	-0.0885	0.7109	1.0000	False
regime mom_resid_vol sm18 w0.25 cg1.05 cb0.80 mn0.35 neu0.55 boostmid	0.6317	0.0396	-0.0861	0.7359	1.0000	False
regime mom_resid_vol sm18 w0.25 cg1.05 cb0.80 mn0.35 neu0.70 boostmid+low	0.6102	0.0388	-0.0881	0.7151	1.0000	False
regime mom_resid_vol sm18 w0.25 cg1.05 cb0.80 mn0.35 neu0.70 boostmid	0.6369	0.0400	-0.0857	0.7412	1.0000	False
regime mom_resid_vol sm18 w0.25 cg0.95 cb0.75 mn0.25 neu0.55 boostmid+low	0.5479	0.0359	-0.0936	0.6540	1.0000	False
regime mom_resid_vol sm18 w0.25 cg0.95 cb0.75 mn0.25 neu0.55 boostmid	0.5704	0.0368	-0.0907	0.6753	1.0000	False
regime mom_resid_vol sm18 w0.25 cg0.95 cb0.75 mn0.25 neu0.70 boostmid+low	0.5479	0.0359	-0.0936	0.6540	1.0000	False
regime mom_resid_vol sm18 w0.25 cg0.95 cb0.75 mn0.25 neu0.70 boostmid	0.5704	0.0368	-0.0907	0.6753	1.0000	False
regime mom_resid_vol sm18 w0.25 cg0.95 cb0.75 mn0.35 neu0.55 boostmid+low	0.7154	0.0489	-0.0932	0.8342	1.0000	False
regime mom_resid_vol sm18 w0.25 cg0.95 cb0.75 mn0.35 neu0.55 boostmid	0.7391	0.0499	-0.0906	0.8570	1.0000	False
regime mom_resid_vol sm18 w0.25 cg0.95 cb0.75 mn0.35 neu0.70 boostmid+low	0.7237	0.0496	-0.0929	0.8430	1.0000	False
regime mom_resid_vol sm18 w0.25 cg0.95 cb0.75 mn0.35 neu0.70 boostmid	0.7475	0.0506	-0.0904	0.8658	1.0000	False
regime mom_resid_vol sm18 w0.40 cg1.00 cb0.85 mn0.25 neu0.55 boostmid+low	0.0655	0.0021	-0.1053	0.1467	1.0000	False
regime mom_resid_vol sm18 w0.40 cg1.00 cb0.85 mn0.25 neu0.55 boostmid	0.1074	0.0048	-0.1014	0.1882	1.0000	False
regime mom_resid_vol sm18 w0.40 cg1.00 cb0.85 mn0.25 neu0.70 boostmid+low	0.0655	0.0021	-0.1053	0.1467	1.0000	False
regime mom_resid_vol sm18 w0.40 cg1.00 cb0.85 mn0.25 neu0.70 boostmid	0.1074	0.0048	-0.1014	0.1882	1.0000	False
regime mom_resid_vol sm18 w0.40 cg1.00 cb0.85 mn0.35 neu0.55 boostmid+low	0.2775	0.0162	-0.1016	0.3700	1.0000	False
regime mom_resid_vol sm18 w0.40 cg1.00 cb0.85 mn0.35 neu0.55 boostmid	0.3195	0.0188	-0.0981	0.4118	1.0000	False
regime mom_resid_vol sm18 w0.40 cg1.00 cb0.85 mn0.35 neu0.70 boostmid+low	0.2862	0.0168	-0.1014	0.3791	1.0000	False
regime mom_resid_vol sm18 w0.40 cg1.00 cb0.85 mn0.35 neu0.70 boostmid	0.3282	0.0194	-0.0979	0.4210	1.0000	False
regime mom_resid_vol sm18 w0.40 cg1.05 cb0.80 mn0.25 neu0.55 boostmid+low	0.2122	0.0114	-0.0954	0.2951	1.0000	False
regime mom_resid_vol sm18 w0.40 cg1.05 cb0.80 mn0.25 neu0.55 boostmid	0.2620	0.0143	-0.0916	0.3450	1.0000	False
regime mom_resid_vol sm18 w0.40 cg1.05 cb0.80 mn0.25 neu0.70 boostmid+low	0.2122	0.0114	-0.0954	0.2951	1.0000	False
regime mom_resid_vol sm18 w0.40 cg1.05 cb0.80 mn0.25 neu0.70 boostmid	0.2620	0.0143	-0.0916	0.3450	1.0000	False
regime mom_resid_vol sm18 w0.40 cg1.05 cb0.80 mn0.35 neu0.55 boostmid+low	0.4194	0.0253	-0.0928	0.5144	1.0000	False
regime mom_resid_vol sm18 w0.40 cg1.05 cb0.80 mn0.35 neu0.55 boostmid	0.4682	0.0282	-0.0894	0.5634	1.0000	False
regime mom_resid_vol sm18 w0.40 cg1.05 cb0.80 mn0.35 neu0.70 boostmid+low	0.4236	0.0256	-0.0924	0.5185	1.0000	False
regime mom_resid_vol sm18 w0.40 cg1.05 cb0.80 mn0.35 neu0.70 boostmid	0.4734	0.0286	-0.0891	0.5688	1.0000	False
regime mom_resid_vol sm18 w0.40 cg0.95 cb0.75 mn0.25 neu0.55 boostmid+low	0.3302	0.0201	-0.0979	0.4237	1.0000	False
regime mom_resid_vol sm18 w0.40 cg0.95 cb0.75 mn0.25 neu0.55 boostmid	0.3690	0.0224	-0.0945	0.4623	1.0000	False
regime mom_resid_vol sm18 w0.40 cg0.95 cb0.75 mn0.25 neu0.70 boostmid+low	0.3302	0.0201	-0.0979	0.4237	1.0000	False
regime mom_resid_vol sm18 w0.40 cg0.95 cb0.75 mn0.25 neu0.70 boostmid	0.3690	0.0224	-0.0945	0.4623	1.0000	False
regime mom_resid_vol sm18 w0.40 cg0.95 cb0.75 mn0.35 neu0.55 boostmid+low	0.4948	0.0321	-0.0963	0.5992	1.0000	False
regime mom_resid_vol sm18 w0.40 cg0.95 cb0.75 mn0.35 neu0.55 boostmid	0.5340	0.0345	-0.0941	0.6390	1.0000	False
regime mom_resid_vol sm18 w0.40 cg0.95 cb0.75 mn0.35 neu0.70 boostmid+low	0.5033	0.0328	-0.0960	0.6081	1.0000	False
regime mom_resid_vol sm18 w0.40 cg0.95 cb0.75 mn0.35 neu0.70 boostmid	0.5426	0.0351	-0.0938	0.6481	1.0000	False
regime mom_resid_vol sm18 w0.55 cg1.00 cb0.85 mn0.25 neu0.55 boostmid+low	-0.1713	-0.0120	-0.1027	-0.1064	1.0000	False
regime mom_resid_vol sm18 w0.55 cg1.00 cb0.85 mn0.25 neu0.55 boostmid	-0.1471	-0.0105	-0.1004	-0.0822	1.0000	False
regime mom_resid_vol sm18 w0.55 cg1.00 cb0.85 mn0.25 neu0.70 boostmid+low	-0.1713	-0.0120	-0.1027	-0.1064	1.0000	False
regime mom_resid_vol sm18 w0.55 cg1.00 cb0.85 mn0.25 neu0.70 boostmid	-0.1471	-0.0105	-0.1004	-0.0822	1.0000	False
regime mom_resid_vol sm18 w0.55 cg1.00 cb0.85 mn0.35 neu0.55 boostmid+low	0.0368	0.0004	-0.0994	0.1117	1.0000	False
regime mom_resid_vol sm18 w0.55 cg1.00 cb0.85 mn0.35 neu0.55 boostmid	0.0616	0.0019	-0.0975	0.1366	1.0000	False
regime mom_resid_vol sm18 w0.55 cg1.00 cb0.85 mn0.35 neu0.70 boostmid+low	0.0460	0.0009	-0.0991	0.1212	1.0000	False
regime mom_resid_vol sm18 w0.55 cg1.00 cb0.85 mn0.35 neu0.70 boostmid	0.0708	0.0025	-0.0973	0.1462	1.0000	False
regime mom_resid_vol sm18 w0.55 cg1.05 cb0.80 mn0.25 neu0.55 boostmid+low	0.0330	0.0002	-0.0918	0.1021	1.0000	False
regime mom_resid_vol sm18 w0.55 cg1.05 cb0.80 mn0.25 neu0.55 boostmid	0.0479	0.0011	-0.0905	0.1169	1.0000	False
regime mom_resid_vol sm18 w0.55 cg1.05 cb0.80 mn0.25 neu0.70 boostmid+low	0.0330	0.0002	-0.0918	0.1021	1.0000	False
regime mom_resid_vol sm18 w0.55 cg1.05 cb0.80 mn0.25 neu0.70 boostmid	0.0479	0.0011	-0.0905	0.1169	1.0000	False
regime mom_resid_vol sm18 w0.55 cg1.05 cb0.80 mn0.35 neu0.55 boostmid+low	0.2356	0.0127	-0.0895	0.3154	1.0000	False
regime mom_resid_vol sm18 w0.55 cg1.05 cb0.80 mn0.35 neu0.55 boostmid	0.2501	0.0135	-0.0885	0.3299	1.0000	False
regime mom_resid_vol sm18 w0.55 cg1.05 cb0.80 mn0.35 neu0.70 boostmid+low	0.2398	0.0129	-0.0892	0.3196	1.0000	False
regime mom_resid_vol sm18 w0.55 cg1.05 cb0.80 mn0.35 neu0.70 boostmid	0.2554	0.0138	-0.0881	0.3353	1.0000	False
regime mom_resid_vol sm18 w0.55 cg0.95 cb0.75 mn0.25 neu0.55 boostmid+low	0.1237	0.0059	-0.0958	0.2013	1.0000	False
regime mom_resid_vol sm18 w0.55 cg0.95 cb0.75 mn0.25 neu0.55 boostmid	0.1416	0.0069	-0.0929	0.2182	1.0000	False
regime mom_resid_vol sm18 w0.55 cg0.95 cb0.75 mn0.25 neu0.70 boostmid+low	0.1237	0.0059	-0.0958	0.2013	1.0000	False
regime mom_resid_vol sm18 w0.55 cg0.95 cb0.75 mn0.25 neu0.70 boostmid	0.1416	0.0069	-0.0929	0.2182	1.0000	False
regime mom_resid_vol sm18 w0.55 cg0.95 cb0.75 mn0.35 neu0.55 boostmid+low	0.2881	0.0168	-0.0924	0.3742	1.0000	False
regime mom_resid_vol sm18 w0.55 cg0.95 cb0.75 mn0.35 neu0.55 boostmid	0.3067	0.0179	-0.0921	0.3937	1.0000	False
regime mom_resid_vol sm18 w0.55 cg0.95 cb0.75 mn0.35 neu0.70 boostmid+low	0.2970	0.0174	-0.0921	0.3835	1.0000	False
regime mom_resid_vol sm18 w0.55 cg0.95 cb0.75 mn0.35 neu0.70 boostmid	0.3156	0.0185	-0.0918	0.4030	1.0000	False
regime mom_resid_vol sm20 w0.25 cg1.00 cb0.85 mn0.25 neu0.55 boostmid+low	0.3049	0.0180	-0.0994	0.3975	1.0000	False
regime mom_resid_vol sm20 w0.25 cg1.00 cb0.85 mn0.25 neu0.55 boostmid	0.3353	0.0197	-0.0951	0.4263	1.0000	False
regime mom_resid_vol sm20 w0.25 cg1.00 cb0.85 mn0.25 neu0.70 boostmid+low	0.3049	0.0180	-0.0994	0.3975	1.0000	False
regime mom_resid_vol sm20 w0.25 cg1.00 cb0.85 mn0.25 neu0.70 boostmid	0.3353	0.0197	-0.0951	0.4263	1.0000	False
regime mom_resid_vol sm20 w0.25 cg1.00 cb0.85 mn0.35 neu0.55 boostmid+low	0.5196	0.0333	-0.0954	0.6245	1.0000	False
regime mom_resid_vol sm20 w0.25 cg1.00 cb0.85 mn0.35 neu0.55 boostmid	0.5505	0.0349	-0.0915	0.6540	1.0000	False
regime mom_resid_vol sm20 w0.25 cg1.00 cb0.85 mn0.35 neu0.70 boostmid+low	0.5281	0.0340	-0.0952	0.6335	1.0000	False
regime mom_resid_vol sm20 w0.25 cg1.00 cb0.85 mn0.35 neu0.70 boostmid	0.5591	0.0356	-0.0912	0.6631	1.0000	False
regime mom_resid_vol sm20 w0.25 cg1.05 cb0.80 mn0.25 neu0.55 boostmid+low	0.4172	0.0250	-0.0891	0.5090	1.0000	False
regime mom_resid_vol sm20 w0.25 cg1.05 cb0.80 mn0.25 neu0.55 boostmid	0.4426	0.0262	-0.0858	0.5331	1.0000	False
regime mom_resid_vol sm20 w0.25 cg1.05 cb0.80 mn0.25 neu0.70 boostmid+low	0.4172	0.0250	-0.0891	0.5090	1.0000	False
regime mom_resid_vol sm20 w0.25 cg1.05 cb0.80 mn0.25 neu0.70 boostmid	0.4426	0.0262	-0.0858	0.5331	1.0000	False
regime mom_resid_vol sm20 w0.25 cg1.05 cb0.80 mn0.35 neu0.55 boostmid+low	0.6289	0.0402	-0.0869	0.7343	1.0000	False
regime mom_resid_vol sm20 w0.25 cg1.05 cb0.80 mn0.35 neu0.55 boostmid	0.6539	0.0413	-0.0844	0.7585	1.0000	False
regime mom_resid_vol sm20 w0.25 cg1.05 cb0.80 mn0.35 neu0.70 boostmid+low	0.6331	0.0405	-0.0866	0.7386	1.0000	False
regime mom_resid_vol sm20 w0.25 cg1.05 cb0.80 mn0.35 neu0.70 boostmid	0.6592	0.0417	-0.0841	0.7639	1.0000	False
regime mom_resid_vol sm20 w0.25 cg0.95 cb0.75 mn0.25 neu0.55 boostmid+low	0.5576	0.0368	-0.0925	0.6637	1.0000	False
regime mom_resid_vol sm20 w0.25 cg0.95 cb0.75 mn0.25 neu0.55 boostmid	0.5828	0.0379	-0.0891	0.6875	1.0000	False
regime mom_resid_vol sm20 w0.25 cg0.95 cb0.75 mn0.25 neu0.70 boostmid+low	0.5576	0.0368	-0.0925	0.6637	1.0000	False
regime mom_resid_vol sm20 w0.25 cg0.95 cb0.75 mn0.25 neu0.70 boostmid	0.5828	0.0379	-0.0891	0.6875	1.0000	False
regime mom_resid_vol sm20 w0.25 cg0.95 cb0.75 mn0.35 neu0.55 boostmid+low	0.7242	0.0499	-0.0916	0.8427	1.0000	False
regime mom_resid_vol sm20 w0.25 cg0.95 cb0.75 mn0.35 neu0.55 boostmid	0.7501	0.0510	-0.0890	0.8678	1.0000	False
regime mom_resid_vol sm20 w0.25 cg0.95 cb0.75 mn0.35 neu0.70 boostmid+low	0.7326	0.0505	-0.0914	0.8517	1.0000	False
regime mom_resid_vol sm20 w0.25 cg0.95 cb0.75 mn0.35 neu0.70 boostmid	0.7586	0.0517	-0.0887	0.8768	1.0000	False
regime mom_resid_vol sm20 w0.40 cg1.00 cb0.85 mn0.25 neu0.55 boostmid+low	0.1312	0.0064	-0.1043	0.2159	1.0000	False
regime mom_resid_vol sm20 w0.40 cg1.00 cb0.85 mn0.25 neu0.55 boostmid	0.1576	0.0080	-0.1003	0.2409	1.0000	False
regime mom_resid_vol sm20 w0.40 cg1.00 cb0.85 mn0.25 neu0.70 boostmid+low	0.1312	0.0064	-0.1043	0.2159	1.0000	False
regime mom_resid_vol sm20 w0.40 cg1.00 cb0.85 mn0.25 neu0.70 boostmid	0.1576	0.0080	-0.1003	0.2409	1.0000	False
regime mom_resid_vol sm20 w0.40 cg1.00 cb0.85 mn0.35 neu0.55 boostmid+low	0.3402	0.0206	-0.1006	0.4362	1.0000	False
regime mom_resid_vol sm20 w0.40 cg1.00 cb0.85 mn0.35 neu0.55 boostmid	0.3669	0.0221	-0.0970	0.4617	1.0000	False
regime mom_resid_vol sm20 w0.40 cg1.00 cb0.85 mn0.35 neu0.70 boostmid+low	0.3489	0.0212	-0.1004	0.4453	1.0000	False
regime mom_resid_vol sm20 w0.40 cg1.00 cb0.85 mn0.35 neu0.70 boostmid	0.3757	0.0227	-0.0967	0.4709	1.0000	False
regime mom_resid_vol sm20 w0.40 cg1.05 cb0.80 mn0.25 neu0.55 boostmid+low	0.2689	0.0151	-0.0949	0.3552	1.0000	False
regime mom_resid_vol sm20 w0.40 cg1.05 cb0.80 mn0.25 neu0.55 boostmid	0.2953	0.0165	-0.0913	0.3803	1.0000	False
regime mom_resid_vol sm20 w0.40 cg1.05 cb0.80 mn0.25 neu0.70 boostmid+low	0.2689	0.0151	-0.0949	0.3552	1.0000	False
regime mom_resid_vol sm20 w0.40 cg1.05 cb0.80 mn0.25 neu0.70 boostmid	0.2953	0.0165	-0.0913	0.3803	1.0000	False
regime mom_resid_vol sm20 w0.40 cg1.05 cb0.80 mn0.35 neu0.55 boostmid+low	0.4739	0.0292	-0.0923	0.5724	1.0000	False
regime mom_resid_vol sm20 w0.40 cg1.05 cb0.80 mn0.35 neu0.55 boostmid	0.5001	0.0305	-0.0890	0.5974	1.0000	False
regime mom_resid_vol sm20 w0.40 cg1.05 cb0.80 mn0.35 neu0.70 boostmid+low	0.4782	0.0295	-0.0920	0.5766	1.0000	False
regime mom_resid_vol sm20 w0.40 cg1.05 cb0.80 mn0.35 neu0.70 boostmid	0.5055	0.0309	-0.0886	0.6029	1.0000	False
regime mom_resid_vol sm20 w0.40 cg0.95 cb0.75 mn0.25 neu0.55 boostmid+low	0.3848	0.0241	-0.0976	0.4821	1.0000	False
regime mom_resid_vol sm20 w0.40 cg0.95 cb0.75 mn0.25 neu0.55 boostmid	0.4074	0.0252	-0.0942	0.5032	1.0000	False
regime mom_resid_vol sm20 w0.40 cg0.95 cb0.75 mn0.25 neu0.70 boostmid+low	0.3848	0.0241	-0.0976	0.4821	1.0000	False
regime mom_resid_vol sm20 w0.40 cg0.95 cb0.75 mn0.25 neu0.70 boostmid	0.4074	0.0252	-0.0942	0.5032	1.0000	False
regime mom_resid_vol sm20 w0.40 cg0.95 cb0.75 mn0.35 neu0.55 boostmid+low	0.5477	0.0363	-0.0969	0.6566	1.0000	False
regime mom_resid_vol sm20 w0.40 cg0.95 cb0.75 mn0.35 neu0.55 boostmid	0.5711	0.0374	-0.0942	0.6792	1.0000	False
regime mom_resid_vol sm20 w0.40 cg0.95 cb0.75 mn0.35 neu0.70 boostmid+low	0.5563	0.0369	-0.0966	0.6657	1.0000	False
regime mom_resid_vol sm20 w0.40 cg0.95 cb0.75 mn0.35 neu0.70 boostmid	0.5797	0.0381	-0.0939	0.6883	1.0000	False
regime mom_resid_vol sm20 w0.55 cg1.00 cb0.85 mn0.25 neu0.55 boostmid+low	-0.1709	-0.0122	-0.1064	-0.1033	1.0000	False
regime mom_resid_vol sm20 w0.55 cg1.00 cb0.85 mn0.25 neu0.55 boostmid	-0.1407	-0.0103	-0.1016	-0.0748	1.0000	False
regime mom_resid_vol sm20 w0.55 cg1.00 cb0.85 mn0.25 neu0.70 boostmid+low	-0.1709	-0.0122	-0.1064	-0.1033	1.0000	False
regime mom_resid_vol sm20 w0.55 cg1.00 cb0.85 mn0.25 neu0.70 boostmid	-0.1407	-0.0103	-0.1016	-0.0748	1.0000	False
regime mom_resid_vol sm20 w0.55 cg1.00 cb0.85 mn0.35 neu0.55 boostmid+low	0.0375	0.0004	-0.1013	0.1138	1.0000	False
regime mom_resid_vol sm20 w0.55 cg1.00 cb0.85 mn0.35 neu0.55 boostmid	0.0677	0.0023	-0.0987	0.1440	1.0000	False
regime mom_resid_vol sm20 w0.55 cg1.00 cb0.85 mn0.35 neu0.70 boostmid+low	0.0469	0.0010	-0.1010	0.1237	1.0000	False
regime mom_resid_vol sm20 w0.55 cg1.00 cb0.85 mn0.35 neu0.70 boostmid	0.0772	0.0029	-0.0984	0.1538	1.0000	False
regime mom_resid_vol sm20 w0.55 cg1.05 cb0.80 mn0.25 neu0.55 boostmid+low	0.0116	-0.0011	-0.0952	0.0819	1.0000	False
regime mom_resid_vol sm20 w0.55 cg1.05 cb0.80 mn0.25 neu0.55 boostmid	0.0331	0.0002	-0.0921	0.1024	1.0000	False
regime mom_resid_vol sm20 w0.55 cg1.05 cb0.80 mn0.25 neu0.70 boostmid+low	0.0116	-0.0011	-0.0952	0.0819	1.0000	False
regime mom_resid_vol sm20 w0.55 cg1.05 cb0.80 mn0.25 neu0.70 boostmid	0.0331	0.0002	-0.0921	0.1024	1.0000	False
regime mom_resid_vol sm20 w0.55 cg1.05 cb0.80 mn0.35 neu0.55 boostmid+low	0.2151	0.0115	-0.0929	0.2964	1.0000	False
regime mom_resid_vol sm20 w0.55 cg1.05 cb0.80 mn0.35 neu0.55 boostmid	0.2361	0.0127	-0.0901	0.3164	1.0000	False
regime mom_resid_vol sm20 w0.55 cg1.05 cb0.80 mn0.35 neu0.70 boostmid+low	0.2197	0.0118	-0.0926	0.3009	1.0000	False
regime mom_resid_vol sm20 w0.55 cg1.05 cb0.80 mn0.35 neu0.70 boostmid	0.2418	0.0131	-0.0897	0.3222	1.0000	False
regime mom_resid_vol sm20 w0.55 cg0.95 cb0.75 mn0.25 neu0.55 boostmid+low	0.1123	0.0052	-0.1020	0.1940	1.0000	False
regime mom_resid_vol sm20 w0.55 cg0.95 cb0.75 mn0.25 neu0.55 boostmid	0.1368	0.0067	-0.0974	0.2166	1.0000	False
regime mom_resid_vol sm20 w0.55 cg0.95 cb0.75 mn0.25 neu0.70 boostmid+low	0.1123	0.0052	-0.1020	0.1940	1.0000	False
regime mom_resid_vol sm20 w0.55 cg0.95 cb0.75 mn0.25 neu0.70 boostmid	0.1368	0.0067	-0.0974	0.2166	1.0000	False
regime mom_resid_vol sm20 w0.55 cg0.95 cb0.75 mn0.35 neu0.55 boostmid+low	0.2762	0.0162	-0.0967	0.3649	1.0000	False
regime mom_resid_vol sm20 w0.55 cg0.95 cb0.75 mn0.35 neu0.55 boostmid	0.3010	0.0178	-0.0948	0.3898	1.0000	False
regime mom_resid_vol sm20 w0.55 cg0.95 cb0.75 mn0.35 neu0.70 boostmid+low	0.2854	0.0168	-0.0962	0.3744	1.0000	False
regime mom_resid_vol sm20 w0.55 cg0.95 cb0.75 mn0.35 neu0.70 boostmid	0.3102	0.0184	-0.0945	0.3994	1.0000	False
regime mom_minus_vol sm16 w0.25 cg1.00 cb0.85 mn0.25 neu0.55 boostmid+low	0.1719	0.0090	-0.1001	0.2559	1.0000	False
regime mom_minus_vol sm16 w0.25 cg1.00 cb0.85 mn0.25 neu0.55 boostmid	0.2103	0.0113	-0.0966	0.2940	1.0000	False
regime mom_minus_vol sm16 w0.25 cg1.00 cb0.85 mn0.25 neu0.70 boostmid+low	0.1719	0.0090	-0.1001	0.2559	1.0000	False
regime mom_minus_vol sm16 w0.25 cg1.00 cb0.85 mn0.25 neu0.70 boostmid	0.2103	0.0113	-0.0966	0.2940	1.0000	False
regime mom_minus_vol sm16 w0.25 cg1.00 cb0.85 mn0.35 neu0.55 boostmid+low	0.3776	0.0229	-0.0962	0.4727	1.0000	False
regime mom_minus_vol sm16 w0.25 cg1.00 cb0.85 mn0.35 neu0.55 boostmid	0.4178	0.0252	-0.0933	0.5130	1.0000	False
regime mom_minus_vol sm16 w0.25 cg1.00 cb0.85 mn0.35 neu0.70 boostmid+low	0.3861	0.0235	-0.0960	0.4816	1.0000	False
regime mom_minus_vol sm16 w0.25 cg1.00 cb0.85 mn0.35 neu0.70 boostmid	0.4264	0.0258	-0.0931	0.5220	1.0000	False
regime mom_minus_vol sm16 w0.25 cg1.05 cb0.80 mn0.25 neu0.55 boostmid+low	0.2842	0.0159	-0.0915	0.3687	1.0000	False
regime mom_minus_vol sm16 w0.25 cg1.05 cb0.80 mn0.25 neu0.55 boostmid	0.3269	0.0183	-0.0884	0.4116	1.0000	False
regime mom_minus_vol sm16 w0.25 cg1.05 cb0.80 mn0.25 neu0.70 boostmid+low	0.2842	0.0159	-0.0915	0.3687	1.0000	False
regime mom_minus_vol sm16 w0.25 cg1.05 cb0.80 mn0.25 neu0.70 boostmid	0.3269	0.0183	-0.0884	0.4116	1.0000	False
regime mom_minus_vol sm16 w0.25 cg1.05 cb0.80 mn0.35 neu0.55 boostmid+low	0.4882	0.0299	-0.0915	0.5868	1.0000	False
regime mom_minus_vol sm16 w0.25 cg1.05 cb0.80 mn0.35 neu0.55 boostmid	0.5315	0.0323	-0.0888	0.6304	1.0000	False
regime mom_minus_vol sm16 w0.25 cg1.05 cb0.80 mn0.35 neu0.70 boostmid+low	0.4923	0.0302	-0.0912	0.5909	1.0000	False
regime mom_minus_vol sm16 w0.25 cg1.05 cb0.80 mn0.35 neu0.70 boostmid	0.5366	0.0327	-0.0885	0.6356	1.0000	False
regime mom_minus_vol sm16 w0.25 cg0.95 cb0.75 mn0.25 neu0.55 boostmid+low	0.4312	0.0271	-0.0961	0.5303	1.0000	False
regime mom_minus_vol sm16 w0.25 cg0.95 cb0.75 mn0.25 neu0.55 boostmid	0.4623	0.0287	-0.0930	0.5608	1.0000	False
regime mom_minus_vol sm16 w0.25 cg0.95 cb0.75 mn0.25 neu0.70 boostmid+low	0.4312	0.0271	-0.0961	0.5303	1.0000	False
regime mom_minus_vol sm16 w0.25 cg0.95 cb0.75 mn0.25 neu0.70 boostmid	0.4623	0.0287	-0.0930	0.5608	1.0000	False
regime mom_minus_vol sm16 w0.25 cg0.95 cb0.75 mn0.35 neu0.55 boostmid+low	0.5900	0.0390	-0.0958	0.7008	1.0000	False
regime mom_minus_vol sm16 w0.25 cg0.95 cb0.75 mn0.35 neu0.55 boostmid	0.6228	0.0407	-0.0930	0.7332	1.0000	False
regime mom_minus_vol sm16 w0.25 cg0.95 cb0.75 mn0.35 neu0.70 boostmid+low	0.5983	0.0396	-0.0956	0.7097	1.0000	False
regime mom_minus_vol sm16 w0.25 cg0.95 cb0.75 mn0.35 neu0.70 boostmid	0.6312	0.0413	-0.0928	0.7421	1.0000	False
regime mom_minus_vol sm16 w0.40 cg1.00 cb0.85 mn0.25 neu0.55 boostmid+low	-0.2265	-0.0148	-0.1014	-0.1653	1.0000	False
regime mom_minus_vol sm16 w0.40 cg1.00 cb0.85 mn0.25 neu0.55 boostmid	-0.1537	-0.0104	-0.0967	-0.0916	1.0000	False
regime mom_minus_vol sm16 w0.40 cg1.00 cb0.85 mn0.25 neu0.70 boostmid+low	-0.2265	-0.0148	-0.1014	-0.1653	1.0000	False
regime mom_minus_vol sm16 w0.40 cg1.00 cb0.85 mn0.25 neu0.70 boostmid	-0.1537	-0.0104	-0.0967	-0.0916	1.0000	False
regime mom_minus_vol sm16 w0.40 cg1.00 cb0.85 mn0.35 neu0.55 boostmid+low	-0.0266	-0.0034	-0.0990	0.0443	1.0000	False
regime mom_minus_vol sm16 w0.40 cg1.00 cb0.85 mn0.35 neu0.55 boostmid	0.0463	0.0010	-0.0945	0.1182	1.0000	False
regime mom_minus_vol sm16 w0.40 cg1.00 cb0.85 mn0.35 neu0.70 boostmid+low	-0.0170	-0.0028	-0.0987	0.0542	1.0000	False
regime mom_minus_vol sm16 w0.40 cg1.00 cb0.85 mn0.35 neu0.70 boostmid	0.0559	0.0016	-0.0942	0.1281	1.0000	False
regime mom_minus_vol sm16 w0.40 cg1.05 cb0.80 mn0.25 neu0.55 boostmid+low	-0.0622	-0.0052	-0.0917	0.0014	1.0000	False
regime mom_minus_vol sm16 w0.40 cg1.05 cb0.80 mn0.25 neu0.55 boostmid	-0.0055	-0.0019	-0.0884	0.0589	1.0000	False
regime mom_minus_vol sm16 w0.40 cg1.05 cb0.80 mn0.25 neu0.70 boostmid+low	-0.0622	-0.0052	-0.0917	0.0014	1.0000	False
regime mom_minus_vol sm16 w0.40 cg1.05 cb0.80 mn0.25 neu0.70 boostmid	-0.0055	-0.0019	-0.0884	0.0589	1.0000	False
regime mom_minus_vol sm16 w0.40 cg1.05 cb0.80 mn0.35 neu0.55 boostmid+low	0.1351	0.0063	-0.0909	0.2096	1.0000	False
regime mom_minus_vol sm16 w0.40 cg1.05 cb0.80 mn0.35 neu0.55 boostmid	0.1907	0.0096	-0.0878	0.2661	1.0000	False
regime mom_minus_vol sm16 w0.40 cg1.05 cb0.80 mn0.35 neu0.70 boostmid+low	0.1397	0.0066	-0.0906	0.2143	1.0000	False
regime mom_minus_vol sm16 w0.40 cg1.05 cb0.80 mn0.35 neu0.70 boostmid	0.1964	0.0099	-0.0874	0.2719	1.0000	False
regime mom_minus_vol sm16 w0.40 cg0.95 cb0.75 mn0.25 neu0.55 boostmid+low	0.0104	-0.0013	-0.0987	0.0831	1.0000	False
regime mom_minus_vol sm16 w0.40 cg0.95 cb0.75 mn0.25 neu0.55 boostmid	0.0720	0.0025	-0.0943	0.1453	1.0000	False
regime mom_minus_vol sm16 w0.40 cg0.95 cb0.75 mn0.25 neu0.70 boostmid+low	0.0104	-0.0013	-0.0987	0.0831	1.0000	False
regime mom_minus_vol sm16 w0.40 cg0.95 cb0.75 mn0.25 neu0.70 boostmid	0.0720	0.0025	-0.0943	0.1453	1.0000	False
regime mom_minus_vol sm16 w0.40 cg0.95 cb0.75 mn0.35 neu0.55 boostmid+low	0.1667	0.0086	-0.0960	0.2473	1.0000	False
regime mom_minus_vol sm16 w0.40 cg0.95 cb0.75 mn0.35 neu0.55 boostmid	0.2291	0.0125	-0.0925	0.3109	1.0000	False
regime mom_minus_vol sm16 w0.40 cg0.95 cb0.75 mn0.35 neu0.70 boostmid+low	0.1760	0.0092	-0.0958	0.2571	1.0000	False
regime mom_minus_vol sm16 w0.40 cg0.95 cb0.75 mn0.35 neu0.70 boostmid	0.2384	0.0131	-0.0923	0.3207	1.0000	False
regime mom_minus_vol sm16 w0.55 cg1.00 cb0.85 mn0.25 neu0.55 boostmid+low	-0.6431	-0.0337	-0.1110	-0.5936	1.0000	False
regime mom_minus_vol sm16 w0.55 cg1.00 cb0.85 mn0.25 neu0.55 boostmid	-0.6092	-0.0319	-0.1090	-0.5594	1.0000	False
regime mom_minus_vol sm16 w0.55 cg1.00 cb0.85 mn0.25 neu0.70 boostmid+low	-0.6431	-0.0337	-0.1110	-0.5936	1.0000	False
regime mom_minus_vol sm16 w0.55 cg1.00 cb0.85 mn0.25 neu0.70 boostmid	-0.6092	-0.0319	-0.1090	-0.5594	1.0000	False
regime mom_minus_vol sm16 w0.55 cg1.00 cb0.85 mn0.35 neu0.55 boostmid+low	-0.4402	-0.0247	-0.1091	-0.3831	1.0000	False
regime mom_minus_vol sm16 w0.55 cg1.00 cb0.85 mn0.35 neu0.55 boostmid	-0.4066	-0.0229	-0.1085	-0.3481	1.0000	False
regime mom_minus_vol sm16 w0.55 cg1.00 cb0.85 mn0.35 neu0.70 boostmid+low	-0.4289	-0.0241	-0.1086	-0.3716	1.0000	False
regime mom_minus_vol sm16 w0.55 cg1.00 cb0.85 mn0.35 neu0.70 boostmid	-0.3953	-0.0224	-0.1083	-0.3365	1.0000	False
regime mom_minus_vol sm16 w0.55 cg1.05 cb0.80 mn0.25 neu0.55 boostmid+low	-0.4638	-0.0246	-0.0988	-0.4144	1.0000	False
regime mom_minus_vol sm16 w0.55 cg1.05 cb0.80 mn0.25 neu0.55 boostmid	-0.4070	-0.0217	-0.0965	-0.3564	1.0000	False
regime mom_minus_vol sm16 w0.55 cg1.05 cb0.80 mn0.25 neu0.70 boostmid+low	-0.4638	-0.0246	-0.0988	-0.4144	1.0000	False
regime mom_minus_vol sm16 w0.55 cg1.05 cb0.80 mn0.25 neu0.70 boostmid	-0.4070	-0.0217	-0.0965	-0.3564	1.0000	False
regime mom_minus_vol sm16 w0.55 cg1.05 cb0.80 mn0.35 neu0.55 boostmid+low	-0.2647	-0.0155	-0.0985	-0.2062	1.0000	False
regime mom_minus_vol sm16 w0.55 cg1.05 cb0.80 mn0.35 neu0.55 boostmid	-0.2098	-0.0125	-0.0969	-0.1497	1.0000	False
regime mom_minus_vol sm16 w0.55 cg1.05 cb0.80 mn0.35 neu0.70 boostmid+low	-0.2590	-0.0152	-0.0982	-0.2006	1.0000	False
regime mom_minus_vol sm16 w0.55 cg1.05 cb0.80 mn0.35 neu0.70 boostmid	-0.2030	-0.0122	-0.0965	-0.1428	1.0000	False
regime mom_minus_vol sm16 w0.55 cg0.95 cb0.75 mn0.25 neu0.55 boostmid+low	-0.3797	-0.0220	-0.1124	-0.3175	1.0000	False
regime mom_minus_vol sm16 w0.55 cg0.95 cb0.75 mn0.25 neu0.55 boostmid	-0.3623	-0.0210	-0.1137	-0.2980	1.0000	False
regime mom_minus_vol sm16 w0.55 cg0.95 cb0.75 mn0.25 neu0.70 boostmid+low	-0.3797	-0.0220	-0.1124	-0.3175	1.0000	False
regime mom_minus_vol sm16 w0.55 cg0.95 cb0.75 mn0.25 neu0.70 boostmid	-0.3623	-0.0210	-0.1137	-0.2980	1.0000	False
regime mom_minus_vol sm16 w0.55 cg0.95 cb0.75 mn0.35 neu0.55 boostmid+low	-0.2205	-0.0140	-0.1094	-0.1524	1.0000	False
regime mom_minus_vol sm16 w0.55 cg0.95 cb0.75 mn0.35 neu0.55 boostmid	-0.2020	-0.0129	-0.1110	-0.1316	1.0000	False
regime mom_minus_vol sm16 w0.55 cg0.95 cb0.75 mn0.35 neu0.70 boostmid+low	-0.2097	-0.0134	-0.1090	-0.1414	1.0000	False
regime mom_minus_vol sm16 w0.55 cg0.95 cb0.75 mn0.35 neu0.70 boostmid	-0.1912	-0.0123	-0.1106	-0.1206	1.0000	False
regime mom_minus_vol sm18 w0.25 cg1.00 cb0.85 mn0.25 neu0.55 boostmid+low	0.2137	0.0118	-0.1026	0.3025	1.0000	False
regime mom_minus_vol sm18 w0.25 cg1.00 cb0.85 mn0.25 neu0.55 boostmid	0.2439	0.0136	-0.0989	0.3316	1.0000	False
regime mom_minus_vol sm18 w0.25 cg1.00 cb0.85 mn0.25 neu0.70 boostmid+low	0.2137	0.0118	-0.1026	0.3025	1.0000	False
regime mom_minus_vol sm18 w0.25 cg1.00 cb0.85 mn0.25 neu0.70 boostmid	0.2439	0.0136	-0.0989	0.3316	1.0000	False
regime mom_minus_vol sm18 w0.25 cg1.00 cb0.85 mn0.35 neu0.55 boostmid+low	0.4160	0.0258	-0.0989	0.5160	1.0000	False
regime mom_minus_vol sm18 w0.25 cg1.00 cb0.85 mn0.35 neu0.55 boostmid	0.4476	0.0276	-0.0955	0.5468	1.0000	False
regime mom_minus_vol sm18 w0.25 cg1.00 cb0.85 mn0.35 neu0.70 boostmid+low	0.4244	0.0264	-0.0987	0.5248	1.0000	False
regime mom_minus_vol sm18 w0.25 cg1.00 cb0.85 mn0.35 neu0.70 boostmid	0.4561	0.0282	-0.0953	0.5557	1.0000	False
regime mom_minus_vol sm18 w0.25 cg1.05 cb0.80 mn0.25 neu0.55 boostmid+low	0.3142	0.0181	-0.0932	0.4021	1.0000	False
regime mom_minus_vol sm18 w0.25 cg1.05 cb0.80 mn0.25 neu0.55 boostmid	0.3530	0.0202	-0.0894	0.4402	1.0000	False
regime mom_minus_vol sm18 w0.25 cg1.05 cb0.80 mn0.25 neu0.70 boostmid+low	0.3142	0.0181	-0.0932	0.4021	1.0000	False
regime mom_minus_vol sm18 w0.25 cg1.05 cb0.80 mn0.25 neu0.70 boostmid	0.3530	0.0202	-0.0894	0.4402	1.0000	False
regime mom_minus_vol sm18 w0.25 cg1.05 cb0.80 mn0.35 neu0.55 boostmid+low	0.5148	0.0321	-0.0916	0.6157	1.0000	False
regime mom_minus_vol sm18 w0.25 cg1.05 cb0.80 mn0.35 neu0.55 boostmid	0.5537	0.0342	-0.0888	0.6545	1.0000	False
regime mom_minus_vol sm18 w0.25 cg1.05 cb0.80 mn0.35 neu0.70 boostmid+low	0.5190	0.0324	-0.0913	0.6198	1.0000	False
regime mom_minus_vol sm18 w0.25 cg1.05 cb0.80 mn0.35 neu0.70 boostmid	0.5589	0.0346	-0.0885	0.6598	1.0000	False
regime mom_minus_vol sm18 w0.25 cg0.95 cb0.75 mn0.25 neu0.55 boostmid+low	0.4577	0.0293	-0.0968	0.5596	1.0000	False
regime mom_minus_vol sm18 w0.25 cg0.95 cb0.75 mn0.25 neu0.55 boostmid	0.4809	0.0304	-0.0939	0.5816	1.0000	False
regime mom_minus_vol sm18 w0.25 cg0.95 cb0.75 mn0.25 neu0.70 boostmid+low	0.4577	0.0293	-0.0968	0.5596	1.0000	False
regime mom_minus_vol sm18 w0.25 cg0.95 cb0.75 mn0.25 neu0.70 boostmid	0.4809	0.0304	-0.0939	0.5816	1.0000	False
regime mom_minus_vol sm18 w0.25 cg0.95 cb0.75 mn0.35 neu0.55 boostmid+low	0.6145	0.0413	-0.0965	0.7282	1.0000	False
regime mom_minus_vol sm18 w0.25 cg0.95 cb0.75 mn0.35 neu0.55 boostmid	0.6393	0.0424	-0.0939	0.7522	1.0000	False
regime mom_minus_vol sm18 w0.25 cg0.95 cb0.75 mn0.35 neu0.70 boostmid+low	0.6228	0.0420	-0.0963	0.7370	1.0000	False
regime mom_minus_vol sm18 w0.25 cg0.95 cb0.75 mn0.35 neu0.70 boostmid	0.6478	0.0431	-0.0937	0.7611	1.0000	False
regime mom_minus_vol sm18 w0.40 cg1.00 cb0.85 mn0.25 neu0.55 boostmid+low	-0.1846	-0.0126	-0.1081	-0.1161	1.0000	False
regime mom_minus_vol sm18 w0.40 cg1.00 cb0.85 mn0.25 neu0.55 boostmid	-0.1190	-0.0087	-0.1027	-0.0507	1.0000	False
regime mom_minus_vol sm18 w0.40 cg1.00 cb0.85 mn0.25 neu0.70 boostmid+low	-0.1846	-0.0126	-0.1081	-0.1161	1.0000	False
regime mom_minus_vol sm18 w0.40 cg1.00 cb0.85 mn0.25 neu0.70 boostmid	-0.1190	-0.0087	-0.1027	-0.0507	1.0000	False
regime mom_minus_vol sm18 w0.40 cg1.00 cb0.85 mn0.35 neu0.55 boostmid+low	0.0104	-0.0012	-0.1060	0.0886	1.0000	False
regime mom_minus_vol sm18 w0.40 cg1.00 cb0.85 mn0.35 neu0.55 boostmid	0.0761	0.0028	-0.1009	0.1545	1.0000	False
regime mom_minus_vol sm18 w0.40 cg1.00 cb0.85 mn0.35 neu0.70 boostmid+low	0.0197	-0.0007	-0.1058	0.0984	1.0000	False
regime mom_minus_vol sm18 w0.40 cg1.00 cb0.85 mn0.35 neu0.70 boostmid	0.0854	0.0034	-0.1006	0.1642	1.0000	False
regime mom_minus_vol sm18 w0.40 cg1.05 cb0.80 mn0.25 neu0.55 boostmid+low	-0.0357	-0.0038	-0.0983	0.0343	1.0000	False
regime mom_minus_vol sm18 w0.40 cg1.05 cb0.80 mn0.25 neu0.55 boostmid	0.0235	-0.0003	-0.0941	0.0938	1.0000	False
regime mom_minus_vol sm18 w0.40 cg1.05 cb0.80 mn0.25 neu0.70 boostmid+low	-0.0357	-0.0038	-0.0983	0.0343	1.0000	False
regime mom_minus_vol sm18 w0.40 cg1.05 cb0.80 mn0.25 neu0.70 boostmid	0.0235	-0.0003	-0.0941	0.0938	1.0000	False
regime mom_minus_vol sm18 w0.40 cg1.05 cb0.80 mn0.35 neu0.55 boostmid+low	0.1580	0.0078	-0.0968	0.2384	1.0000	False
regime mom_minus_vol sm18 w0.40 cg1.05 cb0.80 mn0.35 neu0.55 boostmid	0.2157	0.0112	-0.0928	0.2965	1.0000	False
regime mom_minus_vol sm18 w0.40 cg1.05 cb0.80 mn0.35 neu0.70 boostmid+low	0.1627	0.0080	-0.0965	0.2431	1.0000	False
regime mom_minus_vol sm18 w0.40 cg1.05 cb0.80 mn0.35 neu0.70 boostmid	0.2213	0.0116	-0.0925	0.3023	1.0000	False
regime mom_minus_vol sm18 w0.40 cg0.95 cb0.75 mn0.25 neu0.55 boostmid+low	0.0462	0.0009	-0.1091	0.1290	1.0000	False
regime mom_minus_vol sm18 w0.40 cg0.95 cb0.75 mn0.25 neu0.55 boostmid	0.1022	0.0044	-0.1050	0.1854	1.0000	False
regime mom_minus_vol sm18 w0.40 cg0.95 cb0.75 mn0.25 neu0.70 boostmid+low	0.0462	0.0009	-0.1091	0.1290	1.0000	False
regime mom_minus_vol sm18 w0.40 cg0.95 cb0.75 mn0.25 neu0.70 boostmid	0.1022	0.0044	-0.1050	0.1854	1.0000	False
regime mom_minus_vol sm18 w0.40 cg0.95 cb0.75 mn0.35 neu0.55 boostmid+low	0.1990	0.0108	-0.1068	0.2899	1.0000	False
regime mom_minus_vol sm18 w0.40 cg0.95 cb0.75 mn0.35 neu0.55 boostmid	0.2555	0.0144	-0.1030	0.3472	1.0000	False
regime mom_minus_vol sm18 w0.40 cg0.95 cb0.75 mn0.35 neu0.70 boostmid+low	0.2082	0.0114	-0.1066	0.2995	1.0000	False
regime mom_minus_vol sm18 w0.40 cg0.95 cb0.75 mn0.35 neu0.70 boostmid	0.2647	0.0150	-0.1027	0.3568	1.0000	False
regime mom_minus_vol sm18 w0.55 cg1.00 cb0.85 mn0.25 neu0.55 boostmid+low	-0.5565	-0.0298	-0.1140	-0.5008	1.0000	False
regime mom_minus_vol sm18 w0.55 cg1.00 cb0.85 mn0.25 neu0.55 boostmid	-0.5218	-0.0279	-0.1100	-0.4672	1.0000	False
regime mom_minus_vol sm18 w0.55 cg1.00 cb0.85 mn0.25 neu0.70 boostmid+low	-0.5565	-0.0298	-0.1140	-0.5008	1.0000	False
regime mom_minus_vol sm18 w0.55 cg1.00 cb0.85 mn0.25 neu0.70 boostmid	-0.5218	-0.0279	-0.1100	-0.4672	1.0000	False
regime mom_minus_vol sm18 w0.55 cg1.00 cb0.85 mn0.35 neu0.55 boostmid+low	-0.3612	-0.0208	-0.1121	-0.2980	1.0000	False
regime mom_minus_vol sm18 w0.55 cg1.00 cb0.85 mn0.35 neu0.55 boostmid	-0.3262	-0.0189	-0.1097	-0.2628	1.0000	False
regime mom_minus_vol sm18 w0.55 cg1.00 cb0.85 mn0.35 neu0.70 boostmid+low	-0.3504	-0.0203	-0.1118	-0.2868	1.0000	False
regime mom_minus_vol sm18 w0.55 cg1.00 cb0.85 mn0.35 neu0.70 boostmid	-0.3153	-0.0183	-0.1095	-0.2516	1.0000	False
regime mom_minus_vol sm18 w0.55 cg1.05 cb0.80 mn0.25 neu0.55 boostmid+low	-0.3784	-0.0206	-0.1009	-0.3234	1.0000	False
regime mom_minus_vol sm18 w0.55 cg1.05 cb0.80 mn0.25 neu0.55 boostmid	-0.3428	-0.0186	-0.0988	-0.2874	1.0000	False
regime mom_minus_vol sm18 w0.55 cg1.05 cb0.80 mn0.25 neu0.70 boostmid+low	-0.3784	-0.0206	-0.1009	-0.3234	1.0000	False
regime mom_minus_vol sm18 w0.55 cg1.05 cb0.80 mn0.25 neu0.70 boostmid	-0.3428	-0.0186	-0.0988	-0.2874	1.0000	False
regime mom_minus_vol sm18 w0.55 cg1.05 cb0.80 mn0.35 neu0.55 boostmid+low	-0.1852	-0.0114	-0.1014	-0.1206	1.0000	False
regime mom_minus_vol sm18 w0.55 cg1.05 cb0.80 mn0.35 neu0.55 boostmid	-0.1505	-0.0095	-0.0995	-0.0854	1.0000	False
regime mom_minus_vol sm18 w0.55 cg1.05 cb0.80 mn0.35 neu0.70 boostmid+low	-0.1800	-0.0111	-0.1011	-0.1153	1.0000	False
regime mom_minus_vol sm18 w0.55 cg1.05 cb0.80 mn0.35 neu0.70 boostmid	-0.1441	-0.0092	-0.0992	-0.0788	1.0000	False
regime mom_minus_vol sm18 w0.55 cg0.95 cb0.75 mn0.25 neu0.55 boostmid+low	-0.3102	-0.0185	-0.1120	-0.2448	1.0000	False
regime mom_minus_vol sm18 w0.55 cg0.95 cb0.75 mn0.25 neu0.55 boostmid	-0.2919	-0.0174	-0.1117	-0.2255	1.0000	False
regime mom_minus_vol sm18 w0.55 cg0.95 cb0.75 mn0.25 neu0.70 boostmid+low	-0.3102	-0.0185	-0.1120	-0.2448	1.0000	False
regime mom_minus_vol sm18 w0.55 cg0.95 cb0.75 mn0.25 neu0.70 boostmid	-0.2919	-0.0174	-0.1117	-0.2255	1.0000	False
regime mom_minus_vol sm18 w0.55 cg0.95 cb0.75 mn0.35 neu0.55 boostmid+low	-0.1561	-0.0105	-0.1103	-0.0839	1.0000	False
regime mom_minus_vol sm18 w0.55 cg0.95 cb0.75 mn0.35 neu0.55 boostmid	-0.1369	-0.0094	-0.1104	-0.0634	1.0000	False
regime mom_minus_vol sm18 w0.55 cg0.95 cb0.75 mn0.35 neu0.70 boostmid+low	-0.1457	-0.0100	-0.1100	-0.0731	1.0000	False
regime mom_minus_vol sm18 w0.55 cg0.95 cb0.75 mn0.35 neu0.70 boostmid	-0.1264	-0.0088	-0.1102	-0.0526	1.0000	False
regime mom_minus_vol sm20 w0.25 cg1.00 cb0.85 mn0.25 neu0.55 boostmid+low	0.1706	0.0091	-0.1035	0.2573	1.0000	False
regime mom_minus_vol sm20 w0.25 cg1.00 cb0.85 mn0.25 neu0.55 boostmid	0.2027	0.0110	-0.0993	0.2882	1.0000	False
regime mom_minus_vol sm20 w0.25 cg1.00 cb0.85 mn0.25 neu0.70 boostmid+low	0.1706	0.0091	-0.1035	0.2573	1.0000	False
regime mom_minus_vol sm20 w0.25 cg1.00 cb0.85 mn0.25 neu0.70 boostmid	0.2027	0.0110	-0.0993	0.2882	1.0000	False
regime mom_minus_vol sm20 w0.25 cg1.00 cb0.85 mn0.35 neu0.55 boostmid+low	0.3724	0.0231	-0.0999	0.4704	1.0000	False
regime mom_minus_vol sm20 w0.25 cg1.00 cb0.85 mn0.35 neu0.55 boostmid	0.4057	0.0250	-0.0960	0.5027	1.0000	False
regime mom_minus_vol sm20 w0.25 cg1.00 cb0.85 mn0.35 neu0.70 boostmid+low	0.3809	0.0237	-0.0996	0.4793	1.0000	False
regime mom_minus_vol sm20 w0.25 cg1.00 cb0.85 mn0.35 neu0.70 boostmid	0.4143	0.0256	-0.0958	0.5117	1.0000	False
regime mom_minus_vol sm20 w0.25 cg1.05 cb0.80 mn0.25 neu0.55 boostmid+low	0.2641	0.0149	-0.0934	0.3492	1.0000	False
regime mom_minus_vol sm20 w0.25 cg1.05 cb0.80 mn0.25 neu0.55 boostmid	0.2999	0.0170	-0.0898	0.3842	1.0000	False
regime mom_minus_vol sm20 w0.25 cg1.05 cb0.80 mn0.25 neu0.70 boostmid+low	0.2641	0.0149	-0.0934	0.3492	1.0000	False
regime mom_minus_vol sm20 w0.25 cg1.05 cb0.80 mn0.25 neu0.70 boostmid	0.2999	0.0170	-0.0898	0.3842	1.0000	False
regime mom_minus_vol sm20 w0.25 cg1.05 cb0.80 mn0.35 neu0.55 boostmid+low	0.4645	0.0289	-0.0917	0.5622	1.0000	False
regime mom_minus_vol sm20 w0.25 cg1.05 cb0.80 mn0.35 neu0.55 boostmid	0.5002	0.0309	-0.0886	0.5975	1.0000	False
regime mom_minus_vol sm20 w0.25 cg1.05 cb0.80 mn0.35 neu0.70 boostmid+low	0.4690	0.0292	-0.0913	0.5667	1.0000	False
regime mom_minus_vol sm20 w0.25 cg1.05 cb0.80 mn0.35 neu0.70 boostmid	0.5056	0.0313	-0.0882	0.6030	1.0000	False
regime mom_minus_vol sm20 w0.25 cg0.95 cb0.75 mn0.25 neu0.55 boostmid+low	0.4161	0.0266	-0.0970	0.5155	1.0000	False
regime mom_minus_vol sm20 w0.25 cg0.95 cb0.75 mn0.25 neu0.55 boostmid	0.4430	0.0280	-0.0934	0.5410	1.0000	False
regime mom_minus_vol sm20 w0.25 cg0.95 cb0.75 mn0.25 neu0.70 boostmid+low	0.4161	0.0266	-0.0970	0.5155	1.0000	False
regime mom_minus_vol sm20 w0.25 cg0.95 cb0.75 mn0.25 neu0.70 boostmid	0.4430	0.0280	-0.0934	0.5410	1.0000	False
regime mom_minus_vol sm20 w0.25 cg0.95 cb0.75 mn0.35 neu0.55 boostmid+low	0.5734	0.0386	-0.0968	0.6846	1.0000	False
regime mom_minus_vol sm20 w0.25 cg0.95 cb0.75 mn0.35 neu0.55 boostmid	0.6016	0.0401	-0.0935	0.7118	1.0000	False
regime mom_minus_vol sm20 w0.25 cg0.95 cb0.75 mn0.35 neu0.70 boostmid+low	0.5817	0.0393	-0.0966	0.6935	1.0000	False
regime mom_minus_vol sm20 w0.25 cg0.95 cb0.75 mn0.35 neu0.70 boostmid	0.6101	0.0407	-0.0932	0.7207	1.0000	False
regime mom_minus_vol sm20 w0.40 cg1.00 cb0.85 mn0.25 neu0.55 boostmid+low	-0.2824	-0.0188	-0.1091	-0.2193	1.0000	False
regime mom_minus_vol sm20 w0.40 cg1.00 cb0.85 mn0.25 neu0.55 boostmid	-0.2143	-0.0145	-0.1031	-0.1515	1.0000	False
regime mom_minus_vol sm20 w0.40 cg1.00 cb0.85 mn0.25 neu0.70 boostmid+low	-0.2824	-0.0188	-0.1091	-0.2193	1.0000	False
regime mom_minus_vol sm20 w0.40 cg1.00 cb0.85 mn0.25 neu0.70 boostmid	-0.2143	-0.0145	-0.1031	-0.1515	1.0000	False
regime mom_minus_vol sm20 w0.40 cg1.00 cb0.85 mn0.35 neu0.55 boostmid+low	-0.0888	-0.0075	-0.1072	-0.0159	1.0000	False
regime mom_minus_vol sm20 w0.40 cg1.00 cb0.85 mn0.35 neu0.55 boostmid	-0.0205	-0.0032	-0.1011	0.0521	1.0000	False
regime mom_minus_vol sm20 w0.40 cg1.00 cb0.85 mn0.35 neu0.70 boostmid+low	-0.0794	-0.0069	-0.1070	-0.0062	1.0000	False
regime mom_minus_vol sm20 w0.40 cg1.00 cb0.85 mn0.35 neu0.70 boostmid	-0.0111	-0.0026	-0.1009	0.0619	1.0000	False
regime mom_minus_vol sm20 w0.40 cg1.05 cb0.80 mn0.25 neu0.55 boostmid+low	-0.1355	-0.0098	-0.1008	-0.0697	1.0000	False
regime mom_minus_vol sm20 w0.40 cg1.05 cb0.80 mn0.25 neu0.55 boostmid	-0.0704	-0.0058	-0.0954	-0.0047	1.0000	False
regime mom_minus_vol sm20 w0.40 cg1.05 cb0.80 mn0.25 neu0.70 boostmid+low	-0.1355	-0.0098	-0.1008	-0.0697	1.0000	False
regime mom_minus_vol sm20 w0.40 cg1.05 cb0.80 mn0.25 neu0.70 boostmid	-0.0704	-0.0058	-0.0954	-0.0047	1.0000	False
regime mom_minus_vol sm20 w0.40 cg1.05 cb0.80 mn0.35 neu0.55 boostmid+low	0.0592	0.0018	-0.0995	0.1356	1.0000	False
regime mom_minus_vol sm20 w0.40 cg1.05 cb0.80 mn0.35 neu0.55 boostmid	0.1226	0.0057	-0.0943	0.1990	1.0000	False
regime mom_minus_vol sm20 w0.40 cg1.05 cb0.80 mn0.35 neu0.70 boostmid+low	0.0641	0.0021	-0.0991	0.1405	1.0000	False
regime mom_minus_vol sm20 w0.40 cg1.05 cb0.80 mn0.35 neu0.70 boostmid	0.1284	0.0060	-0.0940	0.2049	1.0000	False
regime mom_minus_vol sm20 w0.40 cg0.95 cb0.75 mn0.25 neu0.55 boostmid+low	-0.0487	-0.0052	-0.1112	0.0295	1.0000	False
regime mom_minus_vol sm20 w0.40 cg0.95 cb0.75 mn0.25 neu0.55 boostmid	0.0066	-0.0016	-0.1059	0.0844	1.0000	False
regime mom_minus_vol sm20 w0.40 cg0.95 cb0.75 mn0.25 neu0.70 boostmid+low	-0.0487	-0.0052	-0.1112	0.0295	1.0000	False
regime mom_minus_vol sm20 w0.40 cg0.95 cb0.75 mn0.25 neu0.70 boostmid	0.0066	-0.0016	-0.1059	0.0844	1.0000	False
regime mom_minus_vol sm20 w0.40 cg0.95 cb0.75 mn0.35 neu0.55 boostmid+low	0.1049	0.0048	-0.1090	0.1914	1.0000	False
regime mom_minus_vol sm20 w0.40 cg0.95 cb0.75 mn0.35 neu0.55 boostmid	0.1608	0.0084	-0.1040	0.2472	1.0000	False
regime mom_minus_vol sm20 w0.40 cg0.95 cb0.75 mn0.35 neu0.70 boostmid+low	0.1141	0.0054	-0.1087	0.2010	1.0000	False
regime mom_minus_vol sm20 w0.40 cg0.95 cb0.75 mn0.35 neu0.70 boostmid	0.1700	0.0090	-0.1037	0.2568	1.0000	False
regime mom_minus_vol sm20 w0.55 cg1.00 cb0.85 mn0.25 neu0.55 boostmid+low	-0.7493	-0.0406	-0.1261	-0.6953	1.0000	False
regime mom_minus_vol sm20 w0.55 cg1.00 cb0.85 mn0.25 neu0.55 boostmid	-0.6840	-0.0371	-0.1198	-0.6313	1.0000	False
regime mom_minus_vol sm20 w0.55 cg1.00 cb0.85 mn0.25 neu0.70 boostmid+low	-0.7493	-0.0406	-0.1261	-0.6953	1.0000	False
regime mom_minus_vol sm20 w0.55 cg1.00 cb0.85 mn0.25 neu0.70 boostmid	-0.6840	-0.0371	-0.1198	-0.6313	1.0000	False
regime mom_minus_vol sm20 w0.55 cg1.00 cb0.85 mn0.35 neu0.55 boostmid+low	-0.5509	-0.0317	-0.1231	-0.4902	1.0000	False
regime mom_minus_vol sm20 w0.55 cg1.00 cb0.85 mn0.35 neu0.55 boostmid	-0.4869	-0.0281	-0.1169	-0.4273	1.0000	False
regime mom_minus_vol sm20 w0.55 cg1.00 cb0.85 mn0.35 neu0.70 boostmid+low	-0.5400	-0.0311	-0.1230	-0.4789	1.0000	False
regime mom_minus_vol sm20 w0.55 cg1.00 cb0.85 mn0.35 neu0.70 boostmid	-0.4760	-0.0276	-0.1167	-0.4161	1.0000	False
regime mom_minus_vol sm20 w0.55 cg1.05 cb0.80 mn0.25 neu0.55 boostmid+low	-0.5355	-0.0293	-0.1067	-0.4849	1.0000	False
regime mom_minus_vol sm20 w0.55 cg1.05 cb0.80 mn0.25 neu0.55 boostmid	-0.4793	-0.0263	-0.1010	-0.4298	1.0000	False
regime mom_minus_vol sm20 w0.55 cg1.05 cb0.80 mn0.25 neu0.70 boostmid+low	-0.5355	-0.0293	-0.1067	-0.4849	1.0000	False
regime mom_minus_vol sm20 w0.55 cg1.05 cb0.80 mn0.25 neu0.70 boostmid	-0.4793	-0.0263	-0.1010	-0.4298	1.0000	False
regime mom_minus_vol sm20 w0.55 cg1.05 cb0.80 mn0.35 neu0.55 boostmid+low	-0.3398	-0.0202	-0.1045	-0.2816	1.0000	False
regime mom_minus_vol sm20 w0.55 cg1.05 cb0.80 mn0.35 neu0.55 boostmid	-0.2853	-0.0172	-0.1009	-0.2268	1.0000	False
regime mom_minus_vol sm20 w0.55 cg1.05 cb0.80 mn0.35 neu0.70 boostmid+low	-0.3342	-0.0199	-0.1042	-0.2760	1.0000	False
regime mom_minus_vol sm20 w0.55 cg1.05 cb0.80 mn0.35 neu0.70 boostmid	-0.2787	-0.0168	-0.1006	-0.2201	1.0000	False
regime mom_minus_vol sm20 w0.55 cg0.95 cb0.75 mn0.25 neu0.55 boostmid+low	-0.5236	-0.0309	-0.1195	-0.4648	1.0000	False
regime mom_minus_vol sm20 w0.55 cg0.95 cb0.75 mn0.25 neu0.55 boostmid	-0.4739	-0.0279	-0.1158	-0.4150	1.0000	False
regime mom_minus_vol sm20 w0.55 cg0.95 cb0.75 mn0.25 neu0.70 boostmid+low	-0.5236	-0.0309	-0.1195	-0.4648	1.0000	False
regime mom_minus_vol sm20 w0.55 cg0.95 cb0.75 mn0.25 neu0.70 boostmid	-0.4739	-0.0279	-0.1158	-0.4150	1.0000	False
regime mom_minus_vol sm20 w0.55 cg0.95 cb0.75 mn0.35 neu0.55 boostmid+low	-0.3653	-0.0229	-0.1164	-0.3009	1.0000	False
regime mom_minus_vol sm20 w0.55 cg0.95 cb0.75 mn0.35 neu0.55 boostmid	-0.3154	-0.0200	-0.1139	-0.2499	1.0000	False
regime mom_minus_vol sm20 w0.55 cg0.95 cb0.75 mn0.35 neu0.70 boostmid+low	-0.3547	-0.0223	-0.1162	-0.2900	1.0000	False
regime mom_minus_vol sm20 w0.55 cg0.95 cb0.75 mn0.35 neu0.70 boostmid	-0.3048	-0.0194	-0.1137	-0.2390	1.0000	False
